Access Management Services LLC,1480,coaccess.com
Adalis,955,adaliscorp.com
Aflac,1348,aflac.com
Alamo Heights ISD,1827,ahisd.net
Albuquerque Public Schools,1988,aps.edu
"APS Healthcare Northwest, Inc.",932,apshealthcare.com
Baltimore County Public Schools,380,bcps.k12.md.us
Baltimore County Public Schools,380,bcps.org
Beaufort County School District,1414,beaufort.k12.sc.us
Bellevue School District (WA),285,bsd405.org
Bethel School District (OR),491,bethel.k12.or.us
BG Products,728,bgprod.com
Bleu Marketing,1088,bleumarketing.com
Blue Shield of California,426,blueshieldca.com
Blue Shield of California,426,blueshieldca.com
tara.otterson@blueshieldca.com,,
BMC HealthNet Plan,413,bmchp.org
BMC HealthNet Plan,413,e-worldways.com
Boone County Schools (KY),396,boone.k12.ky.us
Boone County Schools (KY),396,boone.kyschools.us
CA Santa Clara County-Valley Health Plan,755,hhs.co.santa-clara.ca.us
CA Santa Clara County-Valley Health Plan,755,vhp.sccgov.org
Campbell County Schools,1847,campbell.k12.va.us
CarolinaEast Health System,734,carolinaeasthealth.com
CarolinaEast Health System,734,crmcnet.com
Carson City School District (NV),199,carson.k12.nv.us
Casey Family Programs,718,casey.org
Centennial School District (OR),278,centennial.k12.or.us
Chicago Show,1624,chicagoshow.com
Chinese Community Health Plan,1338,cchphmo.com
CHW - St. Rose Dominican Hospital,1614,chw.edu
CHW - St. Rose Dominican Hospital,1614,dignityhealth.org
Cincinnati Children's Hospital,1738,cchmc.org
ClearStone Solutions,1547,bcbsmn.com
ClearStone Solutions,1547,bluecrossmn.com
ClearStone Solutions,1547,clearstonesolutions.com
CLI- SOCF-Service to Children and Family,339,certifiedlanguages.com
Clover Park School District (WA),551,cloverpark.k12.wa.us
CO Boulder County Public Health,805,bouldercounty.org
Colorado Dept of Education,1762,cde.state.co.us
Commonwealth Care Alliance,1190,commonwealthcare.org
Community Consolidated SD (IL),956,ccsd59.org
Community Health Plan of Washington,1285,chnwa.org
Community Health Plan of Washington,1285,chpw.org
Conservation Services Group,1157,csgrp.com
Contra Costa Health Services,1205,hsd.cccounty.us
Dakine,221,billabong-usa.com
Dakine,221,dakine.com
Del Monte Foods Company Legal,1837,delmonte.com
Del Monte Foods Company Legal,1837,teris.com
Denver Health Medical Plan,1621,dhha.org
Denver Health Medical Plan,1621,rpmdc.org
Dolby,252,dolby.com
East Baton Rouge Parish School Board (LA),622,ebrpss.k12.la.us
East Baton Rouge Parish School Board (LA),622,ebrschools.org
Energy Trust of Oregon,886,clearesult.com
Energy Trust of Oregon,886,energytrust.org
Energy Trust of Oregon,886,peci.org
Evergreen HealthCare,1028,evergreenhealthcare.org
Evonik Industries AG,854,evonik.com
Expedia.com,1688,expedia.com
Exponent,60,exponent.com
Fairbanks Northstar School District (AK),105,k12northstar.org
Fairbanks Northstar School District (AK),105,northstar.k12.ak.us
"FedEx Trade Networks, Inc.",1841,ftn.fedex.com
Fort Wayne Community Schools (IN),286,fwcs.k12.in.us
Garden Fresh Restaurants,452,gardenfreshcorp.com
Geisinger Health Plan,1112,geisinger.edu
Geisinger Health Plan,1112,thehealthplan.com
Gerber Legendary Blades,379,gerbergear.com
Gesa Community Credit Union,1078,gesa.com
Gillette Children's Specialty Healthcare,1159,gillettechildrens.com
Good Samaritan Hospital Medical Center,475,chsli.org
Good Shepherd Health Care System,1099,gshealth.org
Greater Lawrence Technical School,1328,glts.net
Greenville County Schools,2064,greenville.k12.sc.us
Group Health Cooperative,1560,ghc.org
Hawaii Pacific Health Corporation,1572,kapiolani.org
Health Care Service Corporation/HCSC,1498,hscil.com
Health Plan of San Joaquin,389,hpsj.com
Health Style Press,1948,healthstylepress.com
Healthcare Management Administrators,1787,accesstpa.com
Hernando County School Board,1146,hcsb.k12.fl.us
Horry County Schools (SC),428,horrycountyschools.net
Human Arc Corporation,1349,humanarc.com
Illinois State University,1695,ilstu.edu
Insignia Health,1224,insigniahealth.com
Issaquah School District (WA),467,issaquah.wednet.edu
itracks,1883,itracks.com
Jefferson County School District (CO),240,jeffco.k12.co.us
Jive Software,814,jivesoftware.com
Kaiser Permanente,155,kp.org
Kent SD (WA),653,kent.k12.wa.us
Lake Washington School District,360,lwsd.org
Lancaster General Hospital,1003,lghealth.org
"Leatherman Tool Group, Inc",760,leatherman.com
Legacy Emanuel,1206,LHS.ORG
Liquid Agency - San Jose,1865,liquidagency.com
Longview School District,2014,longview.k12.wa.us
Lower Moreland Township School District,1192,lmtsd.org
Luis Palau Association,1748,palau.org
Lyon County School District,1219,lyon.k12.nv.us
Magellan Health Services,1262,magellanhealth.com
Maui Memorial Medical Center,1867,hhsc.org
McKing Consulting,1912,cdc.gov
McKing Consulting,1912,mcking.com
Medica,1593,medica.com
Midland Memorial Hospital,1985,midland-memorial.com
Millard Public Schools,1577,mpsomaha.org
Molina Healthcare,1686,MolinaHealthCare.Com
Mostar Studio,1551,mostarstudio.com
MTI (Mobile Technologies Inc.),1036,mobiletechinc.com
MTI (Mobile Technologies Inc.),1036,mti-interactive.com
Mukilteo School District (WA),719,mukilteo.wednet.edu
NAVEX Global,1880,navexglobal.com
Nike Golf,899,nike.com
"Norcal Waste System, Inc. (Golden Gate)",846,collinsdesign.com
"Norcal Waste System, Inc. (Golden Gate)",846,goldengatedisposal.com
"Norcal Waste System, Inc. (Golden Gate)",846,norcalwaste.com
NorthBay Healthcare,1317,northbay.org
Northwestern Memorial Hospital,1071,nmh.org
Northwestern Memorial Hospital,1071,northwestern.edu
Northwestern University ,2007,northwestern.edu
NV Department of Education,400,doe.nv.gov
NV Washoe County Registrar of Voters,490,washoecounty.us
OHSU - Emergency Medicine,1409,ohsu.edu
OHSU - Health Discoveries Program,1622,ohsu.edu
OHSU - Hemophelia,1527,ohsu.edu
OHSU - Knight Cancer Institute,1879,ohsu.edu
OHSU - Pediatric Clinical Research Office,2111,ohsu.edu
OHSU - Public Health and Preventative Med,1780,ohsu.edu
OHSU-CEI-Casey Eye Institute,630,ohsu.edu
OHSU-Family Medicine,1160,ohsu.edu
OHSU-Integrity Department,1280,ohsu.edu
OHSU-Rheumatology,633,ohsu.edu
"OR Washington County, Juvenile Dept.",44,co.washington.or.us
Owensboro Medical Health System,1512,omhs.org
Owensboro Medical Health System,1512,OwensboroHealth.org
Pacer International - Legal,2068,pacer.com
"Palo Alto Networks, Inc.",1922,paloaltonetworks.com
Park Nicollet,1526,parknicollet.com
Partnership Health Plan of CA,432,partnershiphp.org
PeaceHealth,562,peacehealth.org
Peach Tree Health Care,1600,pthealthcare.org
Presence Health,1856,presencehealth.org
Presence Health,1856,reshealthcare.org
Providence Hospital DC,922,provhosp.org
"Pulse Health, LLC",2044,pulsehealthllc.com
Recology,705,norcalwaste.com
Recology,705,recology.com
Red Clay School District (DE),222,redclay.k12.de.us
Rockford Health System,462,rhsnet.org
Rockingham Memorial Hospital,706,rhcc.com
Rockingham Memorial Hospital,706,sentara.com
Rush University Medical Center,1901,rush.edu
Saint Luke's North Hospital,2122,saint-lukes.org
Salem Hospital,1323,salemhealth.org
Salem Hospital,1323,salemhospital.org
San Francisco Health Plan,215,dakotapress.com
San Francisco Health Plan,215,marqui.com
San Francisco Health Plan,215,sfhp.org
San Francisco Health Plan,215,waxcom.com
San Mateo County Health System,1313,smcgov.org
Schawk Minnesota,1492,schawk.com
Schnitzer Steel,613,schn.com
Scott & White Health Plan,1647,sw.org
Scott & White Health Plan,1647,swmail.sw.org
Scotts (Lowe's packaging),187,fedexkinkos.com
Scotts (Lowe's packaging),187,Lowes.com
Scotts (Lowe's packaging),187,scotts.com
Scotts Corporate,424,rrd.com
Scotts Corporate,424,Scotts.com
SelectHealth,1524,selecthealth.org
Sherwood Forest Elementary,2052,bsd405.org
Sims Metal Management,1170,simsmm.com
Southcoast Hospitals,934,southcoast.org
Spartanburg Regional Healthcare System,1020,srhs.com
St John's School District (FL),196,stjohns.k12.fl.us
St Vincent General Hosp. Dist.,1903,svghd.org
St. James Hospital,876,ssfhs.org
St. Joseph's Regional Medical Center,1105,sjhmc.org
St. Jude Medical,864,sjm.com
St. Jude Medical Legal,1553,sjm.com
Steward Health Care System,1589,steward.org
"Structus Building Technologies, Inc",533,STRUCTUS.COM
Sutter Health - Alta Bates Summit Medical,1463,sutterhealth.org
Sutter Health - Central Valley Region,1489,sutterhealth.org
Sutter Health - Corporate,1411,sutterhealth.org
Sutter Health - Memorial Hospital Los Ban,1486,sutterhealth.org
Sutter Health - Memorial Medical Center,1462,sutterhealth.org
Sutter Health - Mills-Peninsula,1457,pamf.org
Sutter Health - Mills-Peninsula,1457,sutterhealth.org
Sutter Health - Palo Alto Medical Foundat,1484,pamf.org
Sutter Health - Sac Sierra Region,1587,sutterhealth.org
Syntek Global,2095,syntekglobal.com
TE Connectivity,2012,te.com
"The Cooper Companies, Inc.",1937,cooperco.com
The Queens Medical Center,1352,futureswithoutviolence.org
The Queens Medical Center,1352,queens.org
The Regence Group,572,cambiahealth.com
The Regence Group,572,regence.com
Timberland,130,timberland.com
Timberland,130,vfc.com
Trimet,1264,trimet.org
Trumpf - Bittner,579,de.trumpf.com
Trumpf - Huttinger,582,de.huettinger.com
Trumpf - Klink,1445,de.trumpf.com
Trumpf - Schmider,971,ch.trumpf.com
Ucare,1208,ucare.org
UCSF,351,obgyn.ucsf.edu
UCSF,351,pharmacy.ucsf.edu
UCSF,351,ucsfmedctr.org
United Administrative Services,420,uastpa.com
United Way of the Plains,1382,unitedwayplains.org
Univar - Legal,1649,univar.com
Univar - Legal,1649,univarcorp.com
Univar - Legal,1649,univarusa.com
Universal Health Services,1081,uhsinc.com
Valley Health System,860,uhsinc.com
Vesta Corporation,399,trustvesta.com
Vidant Health,1249,vidanthealth.com
Wake County Schools (North Carolina),1097,wcpss.net
Wal-Mart Stores,1056,wal-mart.com
Wellmark -BCBS-IA,1506,wellmark.com
WellSpan Health Organization,973,wellspan.org
Whitfield County Schools,1939,whitfield.k12.ga.us
Wieden + Kennedy,124,wk.com
Woman's Hospital,142,womans.org
Woodruff-Sawyer & Company,1054,wsandco.com
Workplace Options,525,workplaceoptions.com
